ID,商品名,价格,商品介绍,状态,人气,加入时间
1,博士伦清朗舒适月抛隐形眼镜3片装,59,先进的专利Unifit舒适科技，保障健康的非离子材料，自在舒适又健康。,上架,5334,2018/12/17
2,博士伦清朗舒适月抛隐形眼镜4片装,128,先进的专利Unifit舒适科技，保障健康的非离子材料，自在舒适又健康。,上架,1235,2018/10/2
3,博士伦清朗舒适月抛隐形眼镜5片装,24,先进的专利Unifit舒适科技，保障健康的非离子材料，自在舒适又健康。,上架,1478,2018/10/3
4,博士伦清朗舒适月抛隐形眼镜6片装,589,先进的专利Unifit舒适科技，保障健康的非离子材料，自在舒适又健康。,上架,5867,2018/10/4
5,博士伦清朗舒适月抛隐形眼镜7片装,556,先进的专利Unifit舒适科技，保障健康的非离子材料，自在舒适又健康。,上架,4567,2018/10/5
6,博士伦清朗舒适月抛隐形眼镜8片装,54,先进的专利Unifit舒适科技，保障健康的非离子材料，自在舒适又健康。,上架,2357,2018/10/6
7,博士伦清朗舒适月抛隐形眼镜9片装,52,先进的专利Unifit舒适科技，保障健康的非离子材料，自在舒适又健康。,上架,564,2018/10/7
8,博士伦清朗舒适月抛隐形眼镜10片装,68,先进的专利Unifit舒适科技，保障健康的非离子材料，自在舒适又健康。,上架,498,2018/10/8
9,库博欧柯视日抛隐形眼镜31片装,548,先进的专利Unifit舒适科技，保障健康的非离子材料，自在舒适又健康。,上架,7894,2018/10/9
10,库博欧柯视日抛隐形眼镜32片装,34,先进的专利Unifit舒适科技，保障健康的非离子材料，自在舒适又健康。,上架,4546,2018/10/10